{
    "caffe flavor": "NVIDIA",
    "caffe version": "0.15.13",
    "creation time": "2017-06-08 23:59:26.801254",
    "dataset_id": "20170608-013252-fc0a",
    "deploy file": "deploy.prototxt",
    "digits version": "5.0.0",
    "framework": "caffe",
    "id": "20170608-235926-a3ef",
    "image dimensions": [
        480,
        640,
        3
    ],
    "job id": "20170608-235926-a3ef",
    "mean file": "mean.binaryproto",
    "model file": "original.prototxt",
    "name": "roboboat_detecnet_480x640",
    "snapshot file": "snapshot_iter_112800.caffemodel",
    "solver file": "solver.prototxt",
    "status": "Done",
    "train_val file": "train_val.prototxt",
    "username": "gabriel"
}